date,startDate_min,endDate_max,duration_hours,steps
2023-09-26,2023-09-26 01:03:59+03:00,2023-09-26 09:59:41+03:00,8.928333333333333,7197
2023-09-27,2023-09-27 00:40:38+03:00,2023-09-27 10:45:57+03:00,10.088611111111112,17607
2023-09-28,2023-09-28 01:27:08+03:00,2023-09-28 10:30:00+03:00,9.047777777777778,3036
2023-09-29,2023-09-29 00:55:31+03:00,2023-09-29 10:57:23+03:00,10.03111111111111,4782
2023-09-30,2023-09-30 01:25:52+03:00,2023-09-30 10:11:42+03:00,8.76388888888889,5181
2023-10-01,2023-10-01 00:11:28+03:00,2023-10-01 10:26:21+03:00,10.248055555555556,3467
2023-10-02,2023-10-02 00:47:49+03:00,2023-10-02 09:38:27+03:00,8.84388888888889,21696
2023-10-03,2023-10-03 00:43:34+03:00,2023-10-03 09:22:00+03:00,8.640555555555556,8426
2023-10-04,2023-10-04 01:19:39+03:00,2023-10-04 08:45:12+03:00,7.425833333333333,14049
2023-10-05,2023-10-05 01:12:31+03:00,2023-10-05 10:00:19+03:00,8.796666666666667,13106
2023-10-06,2023-10-06 01:17:38+03:00,2023-10-06 10:30:00+03:00,9.206111111111111,10667
2023-10-07,2023-10-07 01:04:27+03:00,2023-10-07 10:30:39+03:00,9.436666666666667,4866
2023-10-08,2023-10-08 00:55:30+03:00,2023-10-08 10:30:01+03:00,9.575277777777778,1232
2023-10-09,2023-10-09 00:58:50+03:00,2023-10-09 10:30:00+03:00,9.519444444444444,13353
2023-10-10,2023-10-10 01:12:30+03:00,2023-10-10 08:34:01+03:00,7.358611111111111,14254
2023-10-11,2023-10-11 01:21:34+03:00,2023-10-11 09:16:21+03:00,7.913055555555555,6043
2023-10-12,2023-10-12 00:00:00+03:00,2023-10-12 10:01:14+03:00,10.020555555555555,17407
2023-10-13,2023-10-13 01:03:26+03:00,2023-10-13 10:30:01+03:00,9.443055555555556,22014
2023-10-15,2023-10-15 00:00:00+03:00,2023-10-15 10:08:26+03:00,10.140555555555556,33645
2023-10-16,2023-10-16 01:07:54+03:00,2023-10-16 08:36:40+03:00,7.479444444444445,17346
2023-10-17,2023-10-17 00:15:55+03:00,2023-10-17 10:30:00+03:00,10.234722222222222,20548
2023-10-19,2023-10-19 00:00:00+03:00,2023-10-19 08:57:13+03:00,8.953611111111112,14174
2023-10-20,2023-10-20 00:49:38+03:00,2023-10-20 10:21:04+03:00,9.523888888888887,14815
2023-10-21,2023-10-21 00:45:03+03:00,2023-10-21 10:48:42+03:00,10.060833333333331,12290
2023-10-23,2023-10-23 00:00:00+03:00,2023-10-23 10:30:00+03:00,10.5,11663
2023-10-25,2023-10-25 00:00:00+03:00,2023-10-25 08:50:54+03:00,8.848333333333333,8634
2023-10-27,2023-10-27 00:00:00+03:00,2023-10-27 10:18:33+03:00,10.309166666666666,10435
2023-10-28,2023-10-28 00:20:20+03:00,2023-10-28 10:18:18+03:00,9.966111111111111,7365
2023-10-29,2023-10-29 00:49:47+03:00,2023-10-29 10:13:35+03:00,9.396666666666668,7135
2023-10-30,2023-10-30 00:00:00+03:00,2023-10-30 10:24:20+03:00,10.405555555555557,13895
2023-10-31,2023-10-31 01:20:28+03:00,2023-10-31 10:30:00+03:00,9.158888888888889,17948
2023-11-01,2023-11-01 00:26:21+03:00,2023-11-01 08:40:16+03:00,8.231944444444444,9005
2023-11-02,2023-11-02 01:17:36+03:00,2023-11-02 10:30:00+03:00,9.206666666666669,9723
2023-11-03,2023-11-03 00:00:00+03:00,2023-11-03 09:12:27+03:00,9.2075,7801
2023-11-04,2023-11-04 00:48:59+03:00,2023-11-04 09:12:21+03:00,8.389444444444445,5320
2023-11-05,2023-11-05 01:27:50+03:00,2023-11-05 10:30:00+03:00,9.036111111111111,2657
2023-11-06,2023-11-06 01:38:50+03:00,2023-11-06 09:30:34+03:00,7.862222222222222,11678
2023-11-07,2023-11-07 01:01:07+03:00,2023-11-07 10:30:00+03:00,9.481388888888889,12807
2023-11-08,2023-11-08 00:30:23+03:00,2023-11-08 10:25:04+03:00,9.911388888888888,13461
2023-11-09,2023-11-09 01:29:38+03:00,2023-11-09 08:59:42+03:00,7.501111111111111,9624
2023-11-10,2023-11-10 01:07:10+03:00,2023-11-10 09:47:36+03:00,8.67388888888889,20498
2023-11-11,2023-11-11 00:45:51+03:00,2023-11-11 09:34:08+03:00,8.804722222222223,11167
2023-11-12,2023-11-12 00:54:09+03:00,2023-11-12 10:30:02+03:00,9.598055555555556,2666
2023-11-13,2023-11-13 00:58:41+03:00,2023-11-13 09:36:23+03:00,8.628333333333334,12729
2023-11-14,2023-11-14 00:44:14+03:00,2023-11-14 10:29:38+03:00,9.756666666666666,18508
2023-11-15,2023-11-15 00:17:08+03:00,2023-11-15 08:39:10+03:00,8.367222222222223,20468
2023-11-16,2023-11-16 01:20:47+03:00,2023-11-16 08:45:25+03:00,7.410555555555556,25485
2023-11-17,2023-11-17 03:37:33+03:00,2023-11-17 10:30:00+03:00,6.8741666666666665,20090
2023-11-18,2023-11-18 02:24:59+03:00,2023-11-18 09:55:22+03:00,7.506388888888889,7846
2023-11-19,2023-11-19 01:25:09+03:00,2023-11-19 10:30:00+03:00,9.080833333333333,2686
2023-11-20,2023-11-20 01:13:36+03:00,2023-11-20 10:30:00+03:00,9.273333333333332,18123
2023-11-21,2023-11-21 00:26:47+03:00,2023-11-21 09:30:21+03:00,9.059444444444445,14364
2023-11-22,2023-11-22 01:00:33+03:00,2023-11-22 10:15:35+03:00,9.250555555555556,21329
2023-11-23,2023-11-23 03:07:09+03:00,2023-11-23 10:02:55+03:00,6.929444444444444,25576
2023-11-24,2023-11-24 02:23:53+03:00,2023-11-24 10:53:23+03:00,8.491666666666667,24668
2023-11-25,2023-11-25 00:55:29+03:00,2023-11-25 09:50:12+03:00,8.911944444444444,15424
2023-11-26,2023-11-26 01:26:08+03:00,2023-11-26 10:30:00+03:00,9.064444444444444,15431
2023-11-28,2023-11-28 00:13:34+03:00,2023-11-28 09:36:17+03:00,9.37861111111111,15769
2023-11-29,2023-11-29 01:26:03+03:00,2023-11-29 10:26:43+03:00,9.011111111111113,6236
2023-11-30,2023-11-30 01:05:35+03:00,2023-11-30 09:00:22+03:00,7.913055555555555,19458
2023-12-01,2023-12-01 00:00:00+03:00,2023-12-01 10:30:02+03:00,10.500555555555556,13601
2023-12-02,2023-12-02 00:06:50+03:00,2023-12-02 10:30:00+03:00,10.386111111111113,43025
2023-12-03,2023-12-03 00:00:00+03:00,2023-12-03 10:30:00+03:00,10.5,9286
2023-12-04,2023-12-04 00:49:22+03:00,2023-12-04 10:21:43+03:00,9.539166666666668,10175
2023-12-05,2023-12-05 00:30:28+03:00,2023-12-05 10:30:01+03:00,9.9925,15811
2023-12-06,2023-12-06 00:00:00+03:00,2023-12-06 08:45:10+03:00,8.752777777777778,14885
2023-12-07,2023-12-07 01:29:42+03:00,2023-12-07 09:39:08+03:00,8.157222222222222,14718
2023-12-08,2023-12-08 01:25:39+03:00,2023-12-08 10:21:25+03:00,8.929444444444444,18011
2023-12-09,2023-12-09 00:43:14+03:00,2023-12-09 09:17:52+03:00,8.577222222222222,17748
2023-12-11,2023-12-11 00:00:00+03:00,2023-12-11 10:25:15+03:00,10.420833333333333,17571
2023-12-12,2023-12-12 00:33:25+03:00,2023-12-12 09:23:57+03:00,8.842222222222222,12645
2023-12-14,2023-12-14 00:00:00+03:00,2023-12-14 10:00:16+03:00,10.004444444444443,10575
2023-12-16,2023-12-16 00:00:00+03:00,2023-12-16 10:00:27+03:00,10.0075,22119
2023-12-18,2023-12-18 00:00:00+03:00,2023-12-18 09:45:15+03:00,9.754166666666666,17868
2023-12-20,2023-12-20 00:00:00+03:00,2023-12-20 09:00:23+03:00,9.006388888888889,10041
2023-12-21,2023-12-21 00:27:50+03:00,2023-12-21 09:00:19+03:00,8.54138888888889,22834
2023-12-23,2023-12-23 00:00:00+03:00,2023-12-23 10:20:48+03:00,10.346666666666666,27285
2023-12-25,2023-12-25 00:00:00+03:00,2023-12-25 09:40:33+03:00,9.675833333333332,18441
2023-12-26,2023-12-26 00:00:00+03:00,2023-12-26 10:22:29+03:00,10.374722222222225,18781
2023-12-28,2023-12-28 00:00:00+03:00,2023-12-28 09:15:12+03:00,9.253333333333334,9180
2023-12-29,2023-12-29 01:27:20+03:00,2023-12-29 08:32:27+03:00,7.085277777777778,8745
2023-12-30,2023-12-30 01:26:01+03:00,2023-12-30 10:33:42+03:00,9.128055555555555,10384
2023-12-31,2023-12-31 00:44:38+03:00,2023-12-31 09:39:46+03:00,8.918888888888889,5318
2024-01-02,2024-01-02 00:00:00+03:00,2024-01-02 10:30:00+03:00,10.5,17841
2024-01-03,2024-01-03 01:27:39+03:00,2024-01-03 09:05:08+03:00,7.624722222222222,24992
2024-01-04,2024-01-04 00:35:50+03:00,2024-01-04 09:50:15+03:00,9.240277777777775,22420
2024-01-05,2024-01-05 01:20:57+03:00,2024-01-05 10:30:00+03:00,9.150833333333331,16306
2024-01-06,2024-01-06 01:58:13+03:00,2024-01-06 11:15:58+03:00,9.295833333333333,12979
2024-01-07,2024-01-07 00:49:11+03:00,2024-01-07 09:32:46+03:00,8.72638888888889,12950
2024-01-08,2024-01-08 01:29:43+03:00,2024-01-08 10:30:00+03:00,9.004722222222222,12538
2024-01-10,2024-01-10 03:26:18+03:00,2024-01-10 10:30:00+03:00,7.0616666666666665,20611
2024-01-13,2024-01-13 00:00:00+03:00,2024-01-13 10:48:03+03:00,10.800833333333332,10208
2024-01-14,2024-01-14 01:21:00+03:00,2024-01-14 11:09:09+03:00,9.8025,14014
2024-01-15,2024-01-15 01:47:49+03:00,2024-01-15 10:53:41+03:00,9.097777777777775,18923
2024-01-16,2024-01-16 01:19:17+03:00,2024-01-16 12:32:51+03:00,11.226111111111113,14241
2024-01-17,2024-01-17 01:21:07+03:00,2024-01-17 10:13:22+03:00,8.870833333333334,16191
2024-01-18,2024-01-18 01:12:35+03:00,2024-01-18 10:39:18+03:00,9.445277777777775,16491
2024-01-19,2024-01-19 01:26:00+03:00,2024-01-19 10:30:00+03:00,9.066666666666666,4981
2024-01-20,2024-01-20 01:26:47+03:00,2024-01-20 09:49:54+03:00,8.385277777777778,2620
2024-01-21,2024-01-21 00:44:00+03:00,2024-01-21 10:30:00+03:00,9.766666666666667,4771
2024-01-22,2024-01-22 01:23:57+03:00,2024-01-22 10:00:24+03:00,8.6075,7880
2024-01-23,2024-01-23 01:06:33+03:00,2024-01-23 10:00:17+03:00,8.895555555555555,9269
2024-01-24,2024-01-24 00:15:05+03:00,2024-01-24 10:38:30+03:00,10.390277777777778,16884
2024-01-25,2024-01-25 00:00:00+03:00,2024-01-25 10:47:21+03:00,10.789166666666668,5385
2024-01-26,2024-01-26 01:03:30+03:00,2024-01-26 10:15:44+03:00,9.203888888888889,28680
2024-01-27,2024-01-27 01:35:06+03:00,2024-01-27 09:19:04+03:00,7.732777777777778,32092
2024-01-29,2024-01-29 00:00:00+03:00,2024-01-29 10:14:11+03:00,10.23638888888889,4518
2024-01-30,2024-01-30 00:07:21+03:00,2024-01-30 10:25:25+03:00,10.301111111111112,5373
2024-01-31,2024-01-31 00:52:15+03:00,2024-01-31 10:30:00+03:00,9.629166666666666,3406
2024-02-01,2024-02-01 00:48:08+03:00,2024-02-01 09:45:05+03:00,8.949166666666667,8915
2024-02-02,2024-02-02 00:19:00+03:00,2024-02-02 09:29:01+03:00,9.166944444444445,12772
2024-02-03,2024-02-03 00:13:43+03:00,2024-02-03 09:50:09+03:00,9.607222222222225,20029
2024-02-04,2024-02-04 01:15:39+03:00,2024-02-04 10:40:40+03:00,9.416944444444445,14252
2024-02-05,2024-02-05 00:57:05+03:00,2024-02-05 11:14:44+03:00,10.294166666666667,11553
2024-02-06,2024-02-06 00:46:08+03:00,2024-02-06 10:15:16+03:00,9.485555555555557,6926
2024-02-07,2024-02-07 01:17:33+03:00,2024-02-07 10:21:40+03:00,9.06861111111111,6140
2024-02-08,2024-02-08 00:57:28+03:00,2024-02-08 10:23:04+03:00,9.426666666666666,21390
2024-02-09,2024-02-09 01:27:21+03:00,2024-02-09 09:55:07+03:00,8.462777777777777,7346
2024-02-10,2024-02-10 00:42:53+03:00,2024-02-10 09:19:12+03:00,8.605277777777777,4776
2024-02-11,2024-02-11 00:01:38+03:00,2024-02-11 10:13:26+03:00,10.196666666666667,2656
2024-02-12,2024-02-12 01:12:24+03:00,2024-02-12 08:40:16+03:00,7.464444444444444,17262
2024-02-14,2024-02-14 00:00:00+03:00,2024-02-14 10:13:51+03:00,10.230833333333331,6631
2024-02-15,2024-02-15 00:55:35+03:00,2024-02-15 10:30:02+03:00,9.574166666666668,13615
2024-02-16,2024-02-16 00:00:00+03:00,2024-02-16 10:30:00+03:00,10.5,18323
2024-02-17,2024-02-17 00:18:07+03:00,2024-02-17 10:18:30+03:00,10.006388888888887,5391
2024-02-18,2024-02-18 00:00:00+03:00,2024-02-18 10:28:15+03:00,10.470833333333331,20339
2024-02-19,2024-02-19 01:28:03+03:00,2024-02-19 09:03:36+03:00,7.5925,30358
2024-02-20,2024-02-20 01:09:45+03:00,2024-02-20 10:26:10+03:00,9.27361111111111,10088
2024-02-21,2024-02-21 01:28:02+03:00,2024-02-21 09:10:22+03:00,7.705555555555556,12817
2024-02-22,2024-02-22 01:28:29+03:00,2024-02-22 10:30:02+03:00,9.025833333333331,26459
2024-02-23,2024-02-23 01:29:22+03:00,2024-02-23 10:29:57+03:00,9.009722222222225,21832
2024-02-24,2024-02-24 00:00:00+03:00,2024-02-24 10:30:02+03:00,10.500555555555556,7561
2024-02-25,2024-02-25 01:14:19+03:00,2024-02-25 09:40:14+03:00,8.431944444444444,17925
2024-02-26,2024-02-26 01:30:35+03:00,2024-02-26 08:58:34+03:00,7.466388888888889,17924
2024-02-27,2024-02-27 00:46:03+03:00,2024-02-27 08:38:59+03:00,7.8822222222222225,22880
2024-02-28,2024-02-28 01:29:22+03:00,2024-02-28 09:35:29+03:00,8.101944444444445,24580
2024-02-29,2024-02-29 02:51:09+03:00,2024-02-29 09:33:39+03:00,6.708333333333333,23643
2024-03-01,2024-03-01 00:00:00+03:00,2024-03-01 11:58:25+03:00,11.973611111111111,17119
2024-03-02,2024-03-02 03:58:06+03:00,2024-03-02 10:30:00+03:00,6.531666666666666,12352
2024-03-03,2024-03-03 00:00:00+03:00,2024-03-03 10:30:00+03:00,10.5,4151
2024-03-04,2024-03-04 00:16:52+03:00,2024-03-04 09:00:48+03:00,8.732222222222223,25121
2024-03-05,2024-03-05 01:06:32+03:00,2024-03-05 09:15:04+03:00,8.142222222222221,18702
2024-03-06,2024-03-06 01:23:06+03:00,2024-03-06 10:15:39+03:00,8.875833333333333,9156
2024-03-07,2024-03-07 02:05:25+03:00,2024-03-07 08:53:50+03:00,6.8069444444444445,9739
2024-03-08,2024-03-08 01:05:47+03:00,2024-03-08 10:30:02+03:00,9.404166666666669,5620
2024-03-09,2024-03-09 00:12:12+03:00,2024-03-09 10:30:02+03:00,10.297222222222222,12930
2024-03-10,2024-03-10 00:07:38+03:00,2024-03-10 12:01:01+03:00,11.889722222222222,13391
2024-03-11,2024-03-11 01:30:16+03:00,2024-03-11 09:27:39+03:00,7.956388888888889,16065
2024-03-12,2024-03-12 02:39:16+03:00,2024-03-12 10:30:00+03:00,7.845555555555555,12100
2024-03-13,2024-03-13 00:00:00+03:00,2024-03-13 10:30:02+03:00,10.500555555555556,13775
2024-03-14,2024-03-14 01:24:06+03:00,2024-03-14 08:51:06+03:00,7.45,24192
2024-03-16,2024-03-16 00:00:00+03:00,2024-03-16 10:44:45+03:00,10.745833333333334,28281
2024-03-17,2024-03-17 01:26:08+03:00,2024-03-17 10:35:29+03:00,9.155833333333334,19374
2024-03-18,2024-03-18 00:45:06+03:00,2024-03-18 09:00:46+03:00,8.261111111111111,13402
2024-03-19,2024-03-19 01:26:47+03:00,2024-03-19 13:44:30+03:00,12.29527777777778,15408
2024-03-20,2024-03-20 01:20:59+03:00,2024-03-20 10:30:00+03:00,9.150277777777776,14799
2024-03-21,2024-03-21 01:26:41+03:00,2024-03-21 10:00:17+03:00,8.56,15146
2024-03-22,2024-03-22 01:28:11+03:00,2024-03-22 10:27:42+03:00,8.991944444444444,21596
2024-03-23,2024-03-23 01:28:09+03:00,2024-03-23 11:17:02+03:00,9.814722222222224,13151
2024-03-24,2024-03-24 01:11:13+03:00,2024-03-24 10:53:56+03:00,9.711944444444445,20219
2024-03-25,2024-03-25 00:46:30+03:00,2024-03-25 09:11:40+03:00,8.419444444444444,22955
2024-03-26,2024-03-26 01:24:53+03:00,2024-03-26 10:30:00+03:00,9.085277777777778,13884
2024-03-27,2024-03-27 01:29:14+03:00,2024-03-27 10:30:02+03:00,9.013333333333334,7554
2024-03-28,2024-03-28 03:51:10+03:00,2024-03-28 11:06:13+03:00,7.250833333333333,18591
2024-03-29,2024-03-29 02:24:22+03:00,2024-03-29 11:37:22+03:00,9.216666666666669,14574
2024-03-30,2024-03-30 01:02:52+03:00,2024-03-30 09:47:59+03:00,8.751944444444444,10297
2024-03-31,2024-03-31 01:10:30+03:00,2024-03-31 10:30:00+03:00,9.325,12317
2024-04-01,2024-04-01 01:29:33+03:00,2024-04-01 09:01:08+03:00,7.526388888888889,21394
2024-04-02,2024-04-02 01:25:02+03:00,2024-04-02 10:55:22+03:00,9.505555555555556,15412
2024-04-03,2024-04-03 01:24:11+03:00,2024-04-03 09:30:20+03:00,8.1025,8727
2024-04-04,2024-04-04 00:08:03+03:00,2024-04-04 09:51:57+03:00,9.731666666666667,10565
2024-04-05,2024-04-05 01:15:25+03:00,2024-04-05 10:30:00+03:00,9.243055555555555,4255
2024-04-06,2024-04-06 01:20:36+03:00,2024-04-06 10:00:53+03:00,8.671388888888888,11549
2024-04-07,2024-04-07 01:27:15+03:00,2024-04-07 11:54:30+03:00,10.454166666666667,15227
2024-04-09,2024-04-09 00:00:00+03:00,2024-04-09 10:08:24+03:00,10.14,12591
2024-04-10,2024-04-10 00:53:54+03:00,2024-04-10 08:43:56+03:00,7.833888888888889,17427
2024-04-11,2024-04-11 01:16:22+03:00,2024-04-11 10:25:18+03:00,9.148888888888887,3449
2024-04-12,2024-04-12 00:00:00+03:00,2024-04-12 10:30:00+03:00,10.5,3502
2024-04-13,2024-04-13 00:37:19+03:00,2024-04-13 10:00:19+03:00,9.383333333333333,6654
2024-04-14,2024-04-14 00:20:52+03:00,2024-04-14 10:33:22+03:00,10.208333333333334,11770
2024-04-16,2024-04-16 00:00:00+03:00,2024-04-16 10:24:19+03:00,10.405277777777778,15986
2024-04-17,2024-04-17 01:19:58+03:00,2024-04-17 10:30:00+03:00,9.167222222222222,18782
2024-04-18,2024-04-18 01:16:27+03:00,2024-04-18 09:30:23+03:00,8.232222222222223,17106
2024-04-20,2024-04-20 00:00:00+03:00,2024-04-20 11:48:13+03:00,11.803611111111111,7830
2024-04-21,2024-04-21 00:17:22+03:00,2024-04-21 09:36:56+03:00,9.32611111111111,18123
2024-04-22,2024-04-22 00:40:46+03:00,2024-04-22 08:42:45+03:00,8.033055555555556,29160
2024-04-23,2024-04-23 01:31:48+03:00,2024-04-23 10:30:02+03:00,8.970555555555556,29956
2024-04-24,2024-04-24 00:33:43+03:00,2024-04-24 10:30:03+03:00,9.938888888888888,26446
2024-04-25,2024-04-25 00:18:08+03:00,2024-04-25 10:13:09+03:00,9.916944444444445,15577
2024-04-26,2024-04-26 01:14:45+03:00,2024-04-26 10:30:00+03:00,9.254166666666666,25067
2024-04-28,2024-04-28 00:07:31+03:00,2024-04-28 11:23:01+03:00,11.258333333333333,14098
2024-04-29,2024-04-29 00:44:15+03:00,2024-04-29 09:00:16+03:00,8.266944444444444,24133
2024-04-30,2024-04-30 00:33:52+03:00,2024-04-30 10:49:37+03:00,10.2625,32138
2024-05-01,2024-05-01 01:08:03+03:00,2024-05-01 10:01:09+03:00,8.885,10438
2024-05-02,2024-05-02 01:22:52+03:00,2024-05-02 10:20:15+03:00,8.956388888888888,24518
2024-05-03,2024-05-03 00:00:00+03:00,2024-05-03 12:06:31+03:00,12.108611111111111,17120
2024-05-04,2024-05-04 00:01:30+03:00,2024-05-04 09:43:03+03:00,9.6925,17941
2024-05-05,2024-05-05 01:00:35+03:00,2024-05-05 10:18:52+03:00,9.304722222222225,20886
2024-05-06,2024-05-06 00:52:27+03:00,2024-05-06 10:30:00+03:00,9.625833333333333,17955
2024-05-07,2024-05-07 00:39:19+03:00,2024-05-07 09:56:08+03:00,9.280277777777778,27359
2024-05-08,2024-05-08 01:05:57+03:00,2024-05-08 10:26:32+03:00,9.343055555555557,25629
2024-05-09,2024-05-09 01:26:05+03:00,2024-05-09 09:50:24+03:00,8.405277777777778,19783
2024-05-10,2024-05-10 02:37:33+03:00,2024-05-10 12:25:00+03:00,9.790833333333332,22271
2024-05-11,2024-05-11 00:03:05+03:00,2024-05-11 11:06:17+03:00,11.053333333333333,18461
2024-05-12,2024-05-12 01:28:16+03:00,2024-05-12 13:01:33+03:00,11.554722222222225,21837
2024-05-13,2024-05-13 01:12:42+03:00,2024-05-13 10:30:00+03:00,9.288333333333334,9438
2024-05-14,2024-05-14 00:49:30+03:00,2024-05-14 10:52:00+03:00,10.041666666666666,19412
2024-05-15,2024-05-15 01:10:45+03:00,2024-05-15 11:44:13+03:00,10.557777777777778,15856
2024-05-16,2024-05-16 00:40:00+03:00,2024-05-16 10:30:02+03:00,9.83388888888889,27580
2024-05-17,2024-05-17 00:20:33+03:00,2024-05-17 10:30:02+03:00,10.158055555555556,39811
2024-05-18,2024-05-18 01:18:00+03:00,2024-05-18 11:57:46+03:00,10.662777777777778,25126
2024-05-19,2024-05-19 01:15:21+03:00,2024-05-19 10:30:02+03:00,9.244722222222222,20197
2024-05-20,2024-05-20 01:43:38+03:00,2024-05-20 08:54:16+03:00,7.177222222222222,18019
2024-05-21,2024-05-21 02:12:07+03:00,2024-05-21 10:53:00+03:00,8.68138888888889,20972
2024-05-22,2024-05-22 01:08:42+03:00,2024-05-22 11:40:59+03:00,10.538055555555555,17513
2024-05-23,2024-05-23 01:19:14+03:00,2024-05-23 09:59:29+03:00,8.670833333333333,27509
2024-05-24,2024-05-24 00:19:40+03:00,2024-05-24 10:35:43+03:00,10.2675,14692
2024-05-25,2024-05-25 03:50:08+03:00,2024-05-25 10:30:01+03:00,6.664722222222222,23043
2024-05-26,2024-05-26 01:27:39+03:00,2024-05-26 11:16:10+03:00,9.80861111111111,15453
2024-05-27,2024-05-27 01:23:04+03:00,2024-05-27 10:27:24+03:00,9.072222222222225,19657
2024-05-28,2024-05-28 01:28:36+03:00,2024-05-28 10:30:00+03:00,9.023333333333332,13742
2024-05-29,2024-05-29 01:27:12+03:00,2024-05-29 10:11:40+03:00,8.741111111111111,12381
2024-05-30,2024-05-30 01:27:34+03:00,2024-05-30 08:50:56+03:00,7.389444444444444,26850
2024-05-31,2024-05-31 01:25:31+03:00,2024-05-31 12:36:04+03:00,11.175833333333332,25163
2024-06-01,2024-06-01 01:28:05+03:00,2024-06-01 10:30:03+03:00,9.032777777777778,24318
2024-06-02,2024-06-02 01:28:09+03:00,2024-06-02 13:38:43+03:00,12.176111111111112,18914
2024-06-03,2024-06-03 03:58:11+03:00,2024-06-03 13:44:04+03:00,9.764722222222222,15490
2024-06-04,2024-06-04 01:52:15+03:00,2024-06-04 10:30:00+03:00,8.629166666666666,21605
2024-06-05,2024-06-05 00:39:47+03:00,2024-06-05 10:30:00+03:00,9.836944444444445,12890
2024-06-06,2024-06-06 01:08:39+03:00,2024-06-06 13:59:00+03:00,12.839166666666667,16455
2024-06-07,2024-06-07 04:14:22+03:00,2024-06-07 13:28:25+03:00,9.234166666666669,18262
2024-06-08,2024-06-08 01:21:42+03:00,2024-06-08 09:29:01+03:00,8.121944444444445,10459
2024-06-09,2024-06-09 01:28:03+03:00,2024-06-09 10:30:00+03:00,9.0325,5177
2024-06-10,2024-06-10 01:26:54+03:00,2024-06-10 10:45:04+03:00,9.302777777777775,8312
2024-06-11,2024-06-11 01:16:14+03:00,2024-06-11 13:10:55+03:00,11.911388888888888,15745
2024-06-12,2024-06-12 01:19:45+03:00,2024-06-12 10:30:00+03:00,9.170833333333333,1601
2024-06-13,2024-06-13 00:14:11+03:00,2024-06-13 10:25:38+03:00,10.190833333333334,9156
2024-06-14,2024-06-14 06:56:20+03:00,2024-06-14 17:30:00+03:00,10.561111111111112,10143
2024-06-15,2024-06-15 05:52:22+03:00,2024-06-15 17:06:47+03:00,11.240277777777775,10286
2024-06-16,2024-06-16 07:00:00+03:00,2024-06-16 16:28:10+03:00,9.469444444444443,1327
2024-06-17,2024-06-17 05:28:52+03:00,2024-06-17 15:29:51+03:00,10.016388888888889,10918
2024-06-18,2024-06-18 04:23:20+03:00,2024-06-18 17:30:00+03:00,13.11111111111111,3697
2024-06-19,2024-06-19 07:00:00+03:00,2024-06-19 15:36:28+03:00,8.607777777777779,3239
2024-06-20,2024-06-20 07:11:09+03:00,2024-06-20 17:27:44+03:00,10.276388888888889,38650
2024-06-21,2024-06-21 04:53:50+03:00,2024-06-21 17:30:00+03:00,12.602777777777778,33374
2024-06-22,2024-06-22 04:37:30+03:00,2024-06-22 15:41:20+03:00,11.063888888888888,2573
2024-06-23,2024-06-23 05:57:21+03:00,2024-06-23 16:08:38+03:00,10.188055555555556,2187
2024-06-24,2024-06-24 07:06:35+03:00,2024-06-24 17:30:00+03:00,10.390277777777778,5893
2024-06-25,2024-06-25 06:52:24+03:00,2024-06-25 16:27:14+03:00,9.580555555555556,2323
2024-06-26,2024-06-26 07:46:19+03:00,2024-06-26 16:20:37+03:00,8.571666666666667,11144
2024-06-27,2024-06-27 07:00:00+03:00,2024-06-27 16:27:43+03:00,9.461944444444445,2107
2024-06-28,2024-06-28 06:44:17+03:00,2024-06-28 17:01:25+03:00,10.285555555555556,18817
2024-06-29,2024-06-29 07:00:00+03:00,2024-06-29 17:30:00+03:00,10.5,18886
2024-06-30,2024-06-30 07:00:00+03:00,2024-06-30 17:30:00+03:00,10.5,13046
2024-07-01,2024-07-01 07:00:00+03:00,2024-07-01 17:30:00+03:00,10.5,12819
2024-07-02,2024-07-02 07:00:00+03:00,2024-07-02 17:30:00+03:00,10.5,16140
2024-07-03,2024-07-03 06:56:04+03:00,2024-07-03 17:17:10+03:00,10.351666666666668,10361
2024-07-04,2024-07-04 07:24:10+03:00,2024-07-04 16:16:50+03:00,8.877777777777778,4807
2024-07-05,2024-07-05 07:00:00+03:00,2024-07-05 17:30:00+03:00,10.5,13537
2024-07-06,2024-07-06 07:52:00+03:00,2024-07-06 17:30:02+03:00,9.633888888888889,10181
2024-07-07,2024-07-07 07:00:00+03:00,2024-07-07 17:30:02+03:00,10.500555555555556,10044
2024-07-08,2024-07-08 07:00:00+03:00,2024-07-08 17:30:01+03:00,10.500277777777775,11355
2024-07-09,2024-07-09 07:00:00+03:00,2024-07-09 17:30:00+03:00,10.5,12168
2024-07-10,2024-07-10 07:00:00+03:00,2024-07-10 15:57:57+03:00,8.965833333333334,1282
2024-07-11,2024-07-11 07:08:39+03:00,2024-07-11 16:36:51+03:00,9.47,2088
2024-07-12,2024-07-12 07:00:00+03:00,2024-07-12 17:30:01+03:00,10.500277777777775,13692
2024-07-13,2024-07-13 08:29:17+03:00,2024-07-13 17:30:02+03:00,9.0125,12420
2024-07-14,2024-07-14 07:00:00+03:00,2024-07-14 17:25:55+03:00,10.431944444444444,9207
2024-07-15,2024-07-15 07:00:00+03:00,2024-07-15 17:30:00+03:00,10.5,5811
2024-07-16,2024-07-16 07:00:00+03:00,2024-07-16 17:30:02+03:00,10.500555555555556,11722
2024-07-17,2024-07-17 07:00:00+03:00,2024-07-17 16:21:58+03:00,9.366111111111111,982
2024-07-18,2024-07-18 08:09:47+03:00,2024-07-18 17:30:00+03:00,9.336944444444445,5844
2024-07-19,2024-07-19 07:00:00+03:00,2024-07-19 17:30:02+03:00,10.500555555555556,11947
2024-07-20,2024-07-20 08:00:33+03:00,2024-07-20 17:30:01+03:00,9.491111111111111,11971
2024-07-21,2024-07-21 07:26:25+03:00,2024-07-21 17:30:01+03:00,10.06,9963
2024-07-22,2024-07-22 07:45:00+03:00,2024-07-22 17:30:02+03:00,9.750555555555556,1297
2024-07-23,2024-07-23 07:00:00+03:00,2024-07-23 17:30:00+03:00,10.5,9629
2024-07-24,2024-07-24 07:00:00+03:00,2024-07-24 16:00:26+03:00,9.007222222222222,2824
2024-07-25,2024-07-25 07:01:40+03:00,2024-07-25 16:23:37+03:00,9.365833333333333,372
2024-07-26,2024-07-26 07:00:00+03:00,2024-07-26 17:30:01+03:00,10.500277777777775,7893
2024-07-27,2024-07-27 07:00:00+03:00,2024-07-27 17:30:02+03:00,10.500555555555556,7041
2024-07-28,2024-07-28 07:00:00+03:00,2024-07-28 17:30:02+03:00,10.500555555555556,5149
2024-07-29,2024-07-29 07:00:00+03:00,2024-07-29 17:30:01+03:00,10.500277777777775,7744
2024-07-30,2024-07-30 07:33:46+03:00,2024-07-30 17:30:01+03:00,9.9375,12032
2024-07-31,2024-07-31 07:00:00+03:00,2024-07-31 17:10:33+03:00,10.175833333333332,1158
2024-08-01,2024-08-01 07:00:00+03:00,2024-08-01 15:53:27+03:00,8.890833333333333,7478
2024-08-02,2024-08-02 07:00:00+03:00,2024-08-02 17:30:00+03:00,10.5,9839
2024-08-03,2024-08-03 07:00:00+03:00,2024-08-03 17:30:00+03:00,10.5,6066
2024-08-04,2024-08-04 07:00:00+03:00,2024-08-04 17:30:02+03:00,10.500555555555556,5928
2024-08-05,2024-08-05 07:00:00+03:00,2024-08-05 17:30:02+03:00,10.500555555555556,5963
2024-08-06,2024-08-06 07:00:00+03:00,2024-08-06 17:30:02+03:00,10.500555555555556,8436
2024-08-07,2024-08-07 07:00:00+03:00,2024-08-07 15:49:56+03:00,8.832222222222223,5589
2024-08-08,2024-08-08 07:00:00+03:00,2024-08-08 16:51:39+03:00,9.860833333333334,364
2024-08-09,2024-08-09 08:04:36+03:00,2024-08-09 17:30:00+03:00,9.423333333333334,11773
2024-08-10,2024-08-10 07:00:00+03:00,2024-08-10 17:30:01+03:00,10.500277777777775,9023
2024-08-11,2024-08-11 07:02:02+03:00,2024-08-11 17:30:00+03:00,10.466111111111111,3107
2024-08-12,2024-08-12 07:00:00+03:00,2024-08-12 17:30:02+03:00,10.500555555555556,3864
2024-08-13,2024-08-13 07:12:29+03:00,2024-08-13 17:29:36+03:00,10.285277777777775,8607
2024-08-14,2024-08-14 07:00:00+03:00,2024-08-14 16:59:01+03:00,9.983611111111111,2003
2024-08-15,2024-08-15 07:34:08+03:00,2024-08-15 16:08:51+03:00,8.578611111111112,976
2024-08-16,2024-08-16 07:00:00+03:00,2024-08-16 17:28:45+03:00,10.479166666666666,10314
2024-08-17,2024-08-17 08:15:15+03:00,2024-08-17 17:30:00+03:00,9.245833333333334,2384
2024-08-18,2024-08-18 07:00:00+03:00,2024-08-18 17:29:54+03:00,10.498333333333331,7241
2024-08-19,2024-08-19 07:00:00+03:00,2024-08-19 17:30:02+03:00,10.500555555555556,2966
2024-08-20,2024-08-20 07:00:00+03:00,2024-08-20 17:30:01+03:00,10.500277777777775,12591
2024-08-21,2024-08-21 08:22:14+03:00,2024-08-21 16:05:27+03:00,7.720277777777778,1967
2024-08-22,2024-08-22 07:00:00+03:00,2024-08-22 16:09:27+03:00,9.1575,113
2024-08-23,2024-08-23 07:31:35+03:00,2024-08-23 17:30:01+03:00,9.973888888888888,7727
2024-08-24,2024-08-24 07:00:00+03:00,2024-08-24 17:30:00+03:00,10.5,12795
2024-08-25,2024-08-25 07:00:00+03:00,2024-08-25 17:30:00+03:00,10.5,7474
2024-08-26,2024-08-26 07:00:00+03:00,2024-08-26 17:30:00+03:00,10.5,9566
2024-08-27,2024-08-27 07:00:00+03:00,2024-08-27 17:29:29+03:00,10.491388888888888,5375
2024-08-28,2024-08-28 07:00:00+03:00,2024-08-28 16:32:34+03:00,9.542777777777776,1808
2024-08-29,2024-08-29 07:00:00+03:00,2024-08-29 16:14:21+03:00,9.239166666666666,260
2024-08-30,2024-08-30 07:00:00+03:00,2024-08-30 17:30:02+03:00,10.500555555555556,8805
2024-08-31,2024-08-31 07:57:38+03:00,2024-08-31 17:30:00+03:00,9.539444444444444,10188
2024-09-01,2024-09-01 07:00:00+03:00,2024-09-01 17:30:00+03:00,10.5,1746
2024-09-02,2024-09-02 08:24:13+03:00,2024-09-02 16:05:05+03:00,7.681111111111111,119
2024-09-03,2024-09-03 07:00:00+03:00,2024-09-03 17:28:17+03:00,10.471388888888889,5629
2024-09-04,2024-09-04 07:41:25+03:00,2024-09-04 17:18:25+03:00,9.616666666666667,927
2024-09-05,2024-09-05 06:57:14+03:00,2024-09-05 17:30:01+03:00,10.546388888888888,10203
2024-09-06,2024-09-06 07:00:00+03:00,2024-09-06 15:52:18+03:00,8.871666666666666,15380
2024-09-07,2024-09-07 08:22:56+03:00,2024-09-07 17:30:02+03:00,9.118333333333334,10999
2024-09-08,2024-09-08 07:34:46+03:00,2024-09-08 15:58:43+03:00,8.399166666666666,44188
2024-09-09,2024-09-09 08:19:38+03:00,2024-09-09 17:00:38+03:00,8.683333333333334,35842
2024-09-10,2024-09-10 07:17:19+03:00,2024-09-10 17:30:00+03:00,10.211388888888887,15834
2024-09-11,2024-09-11 07:44:19+03:00,2024-09-11 16:20:24+03:00,8.60138888888889,56989
2024-09-12,2024-09-12 07:00:00+03:00,2024-09-12 17:07:26+03:00,10.123888888888889,40627
2024-09-13,2024-09-13 07:09:15+03:00,2024-09-13 17:26:15+03:00,10.283333333333331,21621
2024-09-14,2024-09-14 01:20:40+03:00,2024-09-14 10:30:00+03:00,9.155555555555557,10497
2024-09-15,2024-09-15 00:06:51+03:00,2024-09-15 09:12:58+03:00,9.101944444444444,20165
2024-09-17,2024-09-17 00:00:00+03:00,2024-09-17 09:55:51+03:00,9.930833333333334,18572
2024-09-19,2024-09-19 00:00:02+03:00,2024-09-19 09:59:55+03:00,9.998055555555556,4773
2024-09-21,2024-09-21 00:00:00+03:00,2024-09-21 09:21:51+03:00,9.364166666666666,5951
2024-09-22,2024-09-22 01:29:31+03:00,2024-09-22 10:01:28+03:00,8.5325,12952
2024-09-23,2024-09-23 01:24:39+03:00,2024-09-23 09:09:15+03:00,7.743333333333333,17220
2024-09-24,2024-09-24 00:58:51+03:00,2024-09-24 10:30:01+03:00,9.519444444444444,17349
2024-09-25,2024-09-25 00:29:22+03:00,2024-09-25 10:00:12+03:00,9.51388888888889,2753
2024-09-30,2024-09-30 19:12:26+03:00,2024-10-01 01:30:53+03:00,6.3075,16044
2024-10-02,2024-10-02 18:00:00+03:00,2024-10-03 00:01:37+03:00,6.026944444444444,13717
2024-10-04,2024-10-04 19:27:00+03:00,2024-10-05 03:24:23+03:00,7.956388888888889,30942
2024-10-09,2024-10-09 00:00:00+03:00,2024-10-09 09:09:51+03:00,9.164166666666668,19629
2024-10-10,2024-10-10 00:00:16+03:00,2024-10-10 10:29:50+03:00,10.492777777777778,19760
2024-10-11,2024-10-11 01:12:20+03:00,2024-10-11 10:02:18+03:00,8.832777777777778,11993
2024-10-12,2024-10-12 00:33:37+03:00,2024-10-12 08:40:12+03:00,8.109722222222222,2242
2024-10-14,2024-10-14 01:00:35+03:00,2024-10-14 09:31:35+03:00,8.516666666666667,16429
2024-10-15,2024-10-15 03:51:30+03:00,2024-10-15 10:50:00+03:00,6.975,23156
2024-10-25,2024-10-25 02:25:46+03:00,2024-10-25 10:36:16+03:00,8.175,10151
2024-10-26,2024-10-26 02:29:02+03:00,2024-10-26 12:05:02+03:00,9.6,7604
